丝路花雨,9.3,音乐,中国大陆,https://movie.douban.com/subject/3804492/,https://img1.doubanio.com/view/photo/s_ratio_poster/public/p2266845549.jpg
极限公益联欢会,9.1,音乐,中国大陆,https://movie.douban.com/subject/26830080/,https://img1.doubanio.com/view/photo/s_ratio_poster/public/p2369019019.jpg
长征组歌,9.0,音乐,中国大陆,https://movie.douban.com/subject/4917844/,https://img1.doubanio.com/view/subject/l/public/s4418917.jpg
Lady Gaga 恶魔舞会巡演之麦迪逊公园广场演唱会,9.9,音乐,美国,https://movie.douban.com/subject/6075345/,https://img3.doubanio.com/view/photo/s_ratio_poster/public/p2500154013.jpg
迈克尔·杰克逊-危险之旅之布加勒斯特站,9.7,音乐,美国,https://movie.douban.com/subject/2122915/,https://img3.doubanio.com/view/subject/l/public/s2541244.jpg
乔治哈里森纪念演唱会,9.7,音乐,美国,https://movie.douban.com/subject/1456839/,https://img3.doubanio.com/view/photo/s_ratio_poster/public/p2514989905.jpg
巴赫－哥德堡变奏曲 / 古尔德录音室演奏版录像,9.7,音乐,美国,https://movie.douban.com/subject/5997861/,https://img1.doubanio.com/view/subject/l/public/s4649789.jpg
Portishead：Roseland NYC Live,9.7,音乐,美国,https://movie.douban.com/subject/1721198/,https://img3.doubanio.com/view/photo/s_ratio_poster/public/p2508853870.jpg
天使之声：自由童声合唱团,9.7,音乐,美国,https://movie.douban.com/subject/3191241/,https://img1.doubanio.com/view/photo/s_ratio_poster/public/p2515838909.jpg
Jason Mraz's Beautiful Mess: Live on Earth,9.7,音乐,美国,https://movie.douban.com/subject/5157946/,https://img3.doubanio.com/view/photo/s_ratio_poster/public/p1069169480.jpg
The Jimi Hendrix Experience: Live at Monterey,9.7,音乐,美国,https://movie.douban.com/subject/4103481/,https://img3.doubanio.com/view/photo/s_ratio_poster/public/p2525326856.jpg
酷玩乐队2012现场演唱会,9.6,音乐,美国,https://movie.douban.com/subject/11606439/,https://img3.doubanio.com/view/photo/s_ratio_poster/public/p2196750356.jpg
BOB DYLAN 三十周年纪念演唱会,9.6,音乐,美国,https://movie.douban.com/subject/3761048/,https://img3.doubanio.com/view/photo/s_ratio_poster/public/p2175135500.jpg
天下一家,9.6,音乐,美国,https://movie.douban.com/subject/3921776/,https://img3.doubanio.com/view/subject/l/public/s4095185.jpg
迈克尔·杰克逊：音乐历史专辑全集,9.6,音乐,美国,https://movie.douban.com/subject/2122919/,https://img3.doubanio.com/view/subject/l/public/s2541232.jpg
迈克尔·杰克逊：专辑历史记录第二辑,9.6,音乐,美国,https://movie.douban.com/subject/1857382/,https://img1.doubanio.com/view/subject/l/public/s4145497.jpg
不插电演唱会：埃里克·克莱普顿,9.6,音乐,美国,https://movie.douban.com/subject/1875427/,https://img3.doubanio.com/view/photo/s_ratio_poster/public/p2508853923.jpg
我是玛丽亚·凯莉,9.6,音乐,美国,https://movie.douban.com/subject/2065132/,https://img3.doubanio.com/view/photo/s_ratio_poster/public/p2243321061.jpg
Where The Light Is: John Mayer Live In Los Angeles,9.6,音乐,美国,https://movie.douban.com/subject/3315311/,https://img1.doubanio.com/view/subject/l/public/s3380137.jpg
1991年莫斯科摇滚音乐节,9.6,音乐,美国,https://movie.douban.com/subject/1870578/,https://img1.doubanio.com/view/photo/s_ratio_poster/public/p2157965357.jpg
巨星义助非洲慈善演唱会,9.6,音乐,美国,https://movie.douban.com/subject/1840299/,https://img1.doubanio.com/view/photo/s_ratio_poster/public/p2464949889.jpg
雅尼2006年拉斯维加斯音乐会,9.6,音乐,美国,https://movie.douban.com/subject/5258042/,https://img3.doubanio.com/view/photo/s_ratio_poster/public/p2203946152.jpg
莱昂纳德·科恩：1970怀特岛音乐节演出实录,9.6,音乐,美国,https://movie.douban.com/subject/4704012/,https://img3.doubanio.com/view/photo/s_ratio_poster/public/p2224850175.jpg
金属乐队.1992年圣地亚哥演唱会,9.6,音乐,美国,https://movie.douban.com/subject/5401224/,https://img3.doubanio.com/view/photo/s_ratio_poster/public/p2508853683.jpg
克里斯·波提：波士顿现场,9.6,音乐,美国,https://movie.douban.com/subject/3709654/,https://img1.doubanio.com/view/photo/s_ratio_poster/public/p2199863408.jpg
Guns N' Roses: Live at the Ritz,9.6,音乐,美国,https://movie.douban.com/subject/2079935/,https://img3.doubanio.com/view/subject/l/public/s2404776.jpg
Eminem Presents: The Anger Management Tour,9.6,音乐,美国,https://movie.douban.com/subject/3293287/,https://img3.doubanio.com/view/subject/l/public/s3357112.jpg
愤怒反对机器：奥林匹克大剧院现场,9.6,音乐,美国,https://movie.douban.com/subject/2143018/,https://img3.doubanio.com/view/subject/l/public/s2593303.jpg
Rage Against the Machine(1997) (V),9.6,音乐,美国,https://movie.douban.com/subject/2326231/,https://img3.doubanio.com/view/subject/l/public/s2781230.jpg
G3 Live in Concert,9.6,音乐,美国,https://movie.douban.com/subject/4734112/,https://img3.doubanio.com/view/subject/l/public/s4245200.jpg
Wattstax,9.6,音乐,美国,https://movie.douban.com/subject/1975692/,https://img1.doubanio.com/view/photo/s_ratio_poster/public/p2374623518.jpg
Leonard Cohen: Songs from the Road,9.6,音乐,美国,https://movie.douban.com/subject/11536450/,https://img3.doubanio.com/view/subject/l/public/s11150874.jpg
危险之旅：短片,9.5,音乐,美国,https://movie.douban.com/subject/3816069/,https://img1.doubanio.com/view/subject/l/public/s3852937.jpg
绿日乐队：圣经上的子弹演唱会,9.5,音乐,美国,https://movie.douban.com/subject/2052209/,https://img3.doubanio.com/view/photo/s_ratio_poster/public/p2510821205.jpg
迈克尔杰克逊 -30周年演唱会,9.5,音乐,美国,https://movie.douban.com/subject/3188272/,https://img3.doubanio.com/view/photo/s_ratio_poster/public/p2525330573.jpg
热得冒烟,9.5,音乐,美国,https://movie.douban.com/subject/1578471/,https://img3.doubanio.com/view/photo/s_ratio_poster/public/p2514943626.jpg
与Ed Sheeran的九个日夜,9.5,音乐,美国,https://movie.douban.com/subject/25959878/,https://img3.doubanio.com/view/photo/s_ratio_poster/public/p2198058863.jpg
小红莓：巴黎肤色下演唱会,9.5,音乐,美国,https://movie.douban.com/subject/1422171/,https://img3.doubanio.com/view/photo/s_ratio_poster/public/p2510535372.jpg
布兰妮 - 禁区之旅,9.5,音乐,美国,https://movie.douban.com/subject/5223595/,https://img3.doubanio.com/view/subject/l/public/s6795483.jpg
阿黛尔纽约演唱会,9.5,音乐,美国,https://movie.douban.com/subject/26682921/,https://img3.doubanio.com/view/photo/s_ratio_poster/public/p2293436572.jpg
吉米·亨德里克斯：伍德斯托克现场,9.5,音乐,美国,https://movie.douban.com/subject/1917252/,https://img3.doubanio.com/view/photo/s_ratio_poster/public/p2523323571.jpg
Guns N' Roses: Use Your Illusion II,9.5,音乐,美国,https://movie.douban.com/subject/1465606/,https://img3.doubanio.com/view/subject/l/public/s1483605.jpg
年轻岁月合唱团2011巡演,9.5,音乐,美国,https://movie.douban.com/subject/6097384/,https://img3.doubanio.com/view/photo/s_ratio_poster/public/p1981468495.jpg
百乐门现场,9.5,音乐,美国,https://movie.douban.com/subject/6859585/,https://img3.doubanio.com/view/photo/s_ratio_poster/public/p1264416796.jpg
激流金属四巨头巡演,9.5,音乐,美国,https://movie.douban.com/subject/5784704/,https://img1.doubanio.com/view/photo/s_ratio_poster/public/p2455494217.jpg
艾里克.克莱普顿吉他音乐节,9.5,音乐,美国,https://movie.douban.com/subject/2219816/,https://img3.doubanio.com/view/subject/l/public/s2663004.jpg
麦当娜：麦基因巡演,9.5,音乐,美国,https://movie.douban.com/subject/25792623/,https://img3.doubanio.com/view/photo/s_ratio_poster/public/p2184923693.jpg
Nirvana Live At Reading,9.5,音乐,美国,https://movie.douban.com/subject/11536445/,https://img1.doubanio.com/view/subject/l/public/s11150868.jpg
西蒙和加芬克尔：中央公园演唱会,9.5,音乐,美国,https://movie.douban.com/subject/1797450/,https://img3.doubanio.com/view/subject/l/public/s1667492.jpg
Sade Lovers Live,9.5,音乐,美国,https://movie.douban.com/subject/2043431/,https://img1.doubanio.com/view/photo/s_ratio_poster/public/p580197807.jpg
"Eric Clapton: One More Car, One More Rider - Live on Tour 2001",9.5,音乐,美国,https://movie.douban.com/subject/2120245/,https://img1.doubanio.com/view/subject/l/public/s6981257.jpg
Nirvana: With the Lights Out,9.5,音乐,美国,https://movie.douban.com/subject/2052215/,https://img1.doubanio.com/view/subject/l/public/s2370238.jpg
艾丽西亚·凯斯：不插电演唱会,9.5,音乐,美国,https://movie.douban.com/subject/6437050/,https://img3.doubanio.com/view/subject/l/public/s6391462.jpg
Eminem: E,9.5,音乐,美国,https://movie.douban.com/subject/4737724/,https://img3.doubanio.com/view/subject/l/public/s4351851.jpg
范吉利斯 -《火星神话-希腊现场音乐会》,9.5,音乐,美国,https://movie.douban.com/subject/3423869/,https://img1.doubanio.com/view/photo/s_ratio_poster/public/p2257303047.jpg
时代标志演唱会鹿特丹现场,9.5,音乐,美国,https://movie.douban.com/subject/5047278/,https://img3.doubanio.com/view/photo/s_ratio_poster/public/p2530612171.jpg
麦当娜2006忏悔之旅演唱会,9.5,音乐,美国,https://movie.douban.com/subject/1978399/,https://img3.doubanio.com/view/subject/l/public/s2750362.jpg
吉米·鸡毛逊毙了！马达翻身当主持,9.4,音乐,美国,https://movie.douban.com/subject/26721341/,https://img3.doubanio.com/view/photo/s_ratio_poster/public/p2315824435.jpg
双面碧昂丝2010世界巡回演唱会,9.4,音乐,美国,https://movie.douban.com/subject/5383275/,https://img1.doubanio.com/view/photo/s_ratio_poster/public/p2258073849.jpg
拉娜·德雷：西海岸,9.4,音乐,美国,https://movie.douban.com/subject/25940511/,https://img3.doubanio.com/view/photo/s_ratio_poster/public/p2193232040.jpg
Justin Timberlake: FutureSex/LoveShow - Live from Madison Square Garden,9.4,音乐,美国,https://movie.douban.com/subject/2378028/,https://img3.doubanio.com/view/photo/s_ratio_poster/public/p2513863245.jpg
Coldplay: Live 2003,9.4,音乐,美国,https://movie.douban.com/subject/1896962/,https://img3.doubanio.com/view/subject/l/public/s4638235.jpg
The Cure: Trilogy,9.4,音乐,美国,https://movie.douban.com/subject/2074807/,https://img1.doubanio.com/view/subject/l/public/s2398118.jpg
麦当娜金发雄心演唱会,9.4,音乐,美国,https://movie.douban.com/subject/3622059/,https://img3.doubanio.com/view/subject/l/public/s3682396.jpg
梦剧院乐队 一个记忆中的场景:纽约现场,9.4,音乐,美国,https://movie.douban.com/subject/2985019/,https://img1.doubanio.com/view/subject/l/public/s2892988.jpg
武道馆现场,9.4,音乐,美国,https://movie.douban.com/subject/2984627/,https://img3.doubanio.com/view/subject/l/public/s2892986.jpg
德雷拉之歌,9.4,音乐,美国,https://movie.douban.com/subject/3284794/,https://img3.doubanio.com/view/subject/l/public/s7026726.jpg
Christina Aguilera: Stripped Live in the UK,9.4,音乐,美国,https://movie.douban.com/subject/2044099/,https://img3.doubanio.com/view/photo/s_ratio_poster/public/p2498698322.jpg
枪炮玫瑰世纪精选MV,9.4,音乐,美国,https://movie.douban.com/subject/1937337/,https://img3.doubanio.com/view/subject/l/public/s2402295.jpg
Guns N' Roses: Use Your Illusion I,9.4,音乐,美国,https://movie.douban.com/subject/1465603/,https://img3.doubanio.com/view/subject/l/public/s1483602.jpg
"Tonight, Not Again - Live at Eagles Ballroom",9.4,音乐,美国,https://movie.douban.com/subject/3057587/,https://img3.doubanio.com/view/subject/l/public/s3053825.jpg
Crossroads Guitar Festival 2010,9.4,音乐,美国,https://movie.douban.com/subject/5394576/,https://img3.doubanio.com/view/photo/s_ratio_poster/public/p2227434620.jpg
Vladimir Horowitz: The Last Romantic,9.4,音乐,美国,https://movie.douban.com/subject/2220806/,https://img1.doubanio.com/view/photo/s_ratio_poster/public/p1142972598.jpg
暴力反抗机器:墨西哥城之战,9.4,音乐,美国,https://movie.douban.com/subject/3133525/,https://img3.doubanio.com/view/photo/s_ratio_poster/public/p2052697576.jpg
Simon and Garfunkel: Old Friends - Live on Stage (2004) (V),9.4,音乐,美国,https://movie.douban.com/subject/1875551/,https://img3.doubanio.com/view/subject/l/public/s1810366.jpg
Norah Jones & the Handsome Band: Live in 2004 (2004) (V),9.4,音乐,美国,https://movie.douban.com/subject/1875688/,https://img3.doubanio.com/view/subject/l/public/s1810520.jpg
Madonna Live - The Virgin Tour,9.4,音乐,美国,https://movie.douban.com/subject/3993032/,https://img3.doubanio.com/view/photo/s_ratio_poster/public/p2364201471.jpg
Michael Bublé Meets Madison Square Garden,9.4,音乐,美国,https://movie.douban.com/subject/4854063/,https://img1.doubanio.com/view/subject/l/public/s7028627.jpg
泰勒·斯威夫特：1989世界巡回演唱会,9.3,音乐,美国,https://movie.douban.com/subject/26692640/,https://img1.doubanio.com/view/photo/s_ratio_poster/public/p2298996369.jpg
A Very Gaga Thanksgiving,9.3,音乐,美国,https://movie.douban.com/subject/7001285/,https://img1.doubanio.com/view/subject/l/public/s7009578.jpg
The Work of Director Michel Gondry,9.3,音乐,美国,https://movie.douban.com/subject/1400646/,https://img3.doubanio.com/view/photo/s_ratio_poster/public/p2515063983.jpg
周六夜现场：贾斯汀·丁伯莱克,9.3,音乐,美国,https://movie.douban.com/subject/6713364/,https://img3.doubanio.com/view/photo/s_ratio_poster/public/p1835772460.jpg
黑或白,9.3,音乐,美国,https://movie.douban.com/subject/3266982/,https://img3.doubanio.com/view/photo/s_ratio_poster/public/p2502492576.jpg
玛丽亚·凯莉纽约不插电演唱会,9.3,音乐,美国,https://movie.douban.com/subject/4112014/,https://img3.doubanio.com/view/photo/s_ratio_poster/public/p2243322391.jpg
世纪天后的喝彩,9.3,音乐,美国,https://movie.douban.com/subject/2142040/,https://img3.doubanio.com/view/photo/s_ratio_poster/public/p2275443081.jpg
别假正经,9.3,音乐,美国,https://movie.douban.com/subject/1300285/,https://img3.doubanio.com/view/photo/s_ratio_poster/public/p2328407652.jpg
The Cure: Greatest Hits,9.3,音乐,美国,https://movie.douban.com/subject/2032366/,https://img3.doubanio.com/view/subject/l/public/s2343655.jpg
Scratch,9.3,音乐,美国,https://movie.douban.com/subject/1440060/,https://img1.doubanio.com/view/photo/s_ratio_poster/public/p789856719.jpg
无价唱片,9.3,音乐,美国,https://movie.douban.com/subject/24522873/,https://img1.doubanio.com/view/photo/s_ratio_poster/public/p2525126387.jpg
Oasis:Definitely Maybe,9.3,音乐,美国,https://movie.douban.com/subject/3430463/,https://img3.doubanio.com/view/subject/l/public/s3555316.jpg
即兴说唱,9.3,音乐,美国,https://movie.douban.com/subject/1962789/,https://img3.doubanio.com/view/subject/l/public/s1991342.jpg
米奇幻想曲,9.3,音乐,美国,https://movie.douban.com/subject/3987660/,https://img3.doubanio.com/view/subject/l/public/s3944445.jpg
聪明狗走天涯,9.3,音乐,美国,https://movie.douban.com/subject/1297777/,https://img1.doubanio.com/view/subject/l/public/s1788447.jpg
Nine Inch Nails Live: And All That Could Have Been  nails,9.3,音乐,美国,https://movie.douban.com/subject/2074815/,https://img3.doubanio.com/view/subject/l/public/s2398133.jpg
The Doors: Live at the Hollywood Bowl,9.3,音乐,美国,https://movie.douban.com/subject/5090799/,https://img3.doubanio.com/view/photo/s_ratio_poster/public/p2494273220.jpg
The Smashing Pumpkins: 1991-2000 Greatest Hits Video Collection,9.3,音乐,美国,https://movie.douban.com/subject/2074837/,https://img3.doubanio.com/view/subject/l/public/s2629052.jpg
Live at Ronnie Scott's,9.3,音乐,美国,https://movie.douban.com/subject/1825857/,https://img1.doubanio.com/view/subject/l/public/s1686468.jpg
Jeff Buckley: Live in Chicago,9.3,音乐,美国,https://movie.douban.com/subject/2138433/,https://img1.doubanio.com/view/subject/l/public/s2574068.jpg
Hugh Laurie: Live On The Queen Mary,9.3,音乐,美国,https://movie.douban.com/subject/25758126/,https://img3.doubanio.com/view/photo/s_ratio_poster/public/p2156679734.jpg
loudQUIETloud: A Film About the Pixies,9.3,音乐,美国,https://movie.douban.com/subject/2036588/,https://img1.doubanio.com/view/subject/l/public/s4083197.jpg
Beside You In Time,9.3,音乐,美国,https://movie.douban.com/subject/3016222/,https://img1.doubanio.com/view/subject/l/public/s3871739.jpg
Megadeth - Rude Awakening,9.3,音乐,美国,https://movie.douban.com/subject/3728800/,https://img1.doubanio.com/view/subject/l/public/s3780129.jpg
鬼怪,9.2,音乐,美国,https://movie.douban.com/subject/2135590/,https://img1.doubanio.com/view/photo/s_ratio_poster/public/p2323125538.jpg
颤栗,9.2,音乐,美国,https://movie.douban.com/subject/3266978/,https://img3.doubanio.com/view/photo/s_ratio_poster/public/p2513096712.jpg
伍德斯托克音乐节1969,9.2,音乐,美国,https://movie.douban.com/subject/1292342/,https://img3.doubanio.com/view/photo/s_ratio_poster/public/p2052525922.jpg
泰勒·斯威夫特：爱的告白世界巡回演唱会,9.2,音乐,美国,https://movie.douban.com/subject/7005170/,https://img3.doubanio.com/view/photo/s_ratio_poster/public/p2298365431.jpg
永远的齐柏林飞船,9.3,音乐,美国,https://movie.douban.com/subject/1419673/,https://img1.doubanio.com/view/photo/s_ratio_poster/public/p807904097.jpg
改变美国的一夜：格莱美向披头士致敬演出,9.2,音乐,美国,https://movie.douban.com/subject/25846934/,https://img3.doubanio.com/view/photo/s_ratio_poster/public/p2171090625.jpg
飙25,9.2,音乐,美国,https://movie.douban.com/subject/11528268/,https://img3.doubanio.com/view/photo/s_ratio_poster/public/p2214683294.jpg
涅槃乐队现场！今夜！全满！！演唱会,9.2,音乐,美国,https://movie.douban.com/subject/1794958/,https://img3.doubanio.com/view/subject/l/public/s2976802.jpg
周六夜现场,9.2,音乐,美国,https://movie.douban.com/subject/2346297/,https://img3.doubanio.com/view/photo/s_ratio_poster/public/p836398212.jpg
7 Television Commercials (2001),9.2,音乐,美国,https://movie.douban.com/subject/1418158/,https://img1.doubanio.com/view/photo/s_ratio_poster/public/p2511711227.jpg
世纪之末：雷蒙斯的故事,9.2,音乐,美国,https://movie.douban.com/subject/1440125/,https://img3.doubanio.com/view/subject/l/public/s1457300.jpg
莎拉布莱曼《真爱传奇》维也纳圣史蒂芬大教堂现场演唱会,9.2,音乐,美国,https://movie.douban.com/subject/3659419/,https://img1.doubanio.com/view/photo/s_ratio_poster/public/p2153235869.jpg
Beyoncé: I Am... Yours,9.2,音乐,美国,https://movie.douban.com/subject/4212382/,https://img1.doubanio.com/view/photo/s_ratio_poster/public/p2258074809.jpg
孟加拉慈善演唱会,9.2,音乐,美国,https://movie.douban.com/subject/1479005/,https://img3.doubanio.com/view/photo/s_ratio_poster/public/p2523963992.jpg
林肯公园：德州现场,9.2,音乐,美国,https://movie.douban.com/subject/1875225/,https://img3.doubanio.com/view/subject/l/public/s1809962.jpg
瓶中闪电,9.2,音乐,美国,https://movie.douban.com/subject/2134469/,https://img3.doubanio.com/view/photo/s_ratio_poster/public/p2529572544.jpg
S & M: Metallica with Michael Kamen Conducting the San Francisco Symphony Orchestra,9.2,音乐,美国,https://movie.douban.com/subject/3203020/,https://img3.doubanio.com/view/subject/l/public/s3246665.jpg
比约克：羊皮卷,9.2,音乐,美国,https://movie.douban.com/subject/1422170/,https://img1.doubanio.com/view/photo/s_ratio_poster/public/p2526923037.jpg
麦当娜甜腻腻演唱会,9.2,音乐,美国,https://movie.douban.com/subject/4883286/,https://img3.doubanio.com/view/photo/s_ratio_poster/public/p2514952904.jpg
节奏、韵律与生活：一个部落的旅行,9.2,音乐,美国,https://movie.douban.com/subject/5240678/,https://img3.doubanio.com/view/photo/s_ratio_poster/public/p1056917895.jpg
波普艺术,9.2,音乐,美国,https://movie.douban.com/subject/1663438/,https://img3.doubanio.com/view/photo/s_ratio_poster/public/p2018503584.jpg
黑泽现场演唱会,9.2,音乐,美国,https://movie.douban.com/subject/1428097/,https://img3.doubanio.com/view/subject/l/public/s1441911.jpg
黛安娜·克劳：蒙特利尔爵士音乐节现场,9.2,音乐,美国,https://movie.douban.com/subject/3158564/,https://img3.doubanio.com/view/subject/l/public/s3198405.jpg
Diana Krall: Live in Paris (2001) (V),9.2,音乐,美国,https://movie.douban.com/subject/1875535/,https://img3.doubanio.com/view/subject/l/public/s1810351.jpg
约翰列侬精选,9.2,音乐,美国,https://movie.douban.com/subject/4181436/,https://img3.doubanio.com/view/photo/s_ratio_poster/public/p1869021066.jpg
bon jovi the crush tour,9.2,音乐,美国,https://movie.douban.com/subject/1873862/,https://img3.doubanio.com/view/subject/l/public/s1808483.jpg
Coachella,9.2,音乐,美国,https://movie.douban.com/subject/2237765/,https://img3.doubanio.com/view/subject/l/public/s3931852.jpg
Linkin Park: Frat Party at the Pankake Festival,9.2,音乐,美国,https://movie.douban.com/subject/2064712/,https://img3.doubanio.com/view/subject/l/public/s2386526.jpg
Disasterpieces,9.3,音乐,美国,https://movie.douban.com/subject/3293257/,https://img3.doubanio.com/view/photo/s_ratio_poster/public/p565577572.jpg
克里斯伯堤：克里斯伯堤与巨星之夜,9.3,音乐,美国,https://movie.douban.com/subject/3071203/,https://img3.doubanio.com/view/subject/l/public/s3112874.jpg
乐士浮生录,9.1,音乐,美国,https://movie.douban.com/subject/1291857/,https://img3.doubanio.com/view/photo/s_ratio_poster/public/p1910914594.jpg
我们是X,9.1,音乐,美国,https://movie.douban.com/subject/26679190/,https://img1.doubanio.com/view/photo/s_ratio_poster/public/p2310367629.jpg
猫的协奏曲,9.1,音乐,美国,https://movie.douban.com/subject/1295833/,https://img3.doubanio.com/view/photo/s_ratio_poster/public/p2458595750.jpg
蒙特利流行音乐节,9.1,音乐,美国,https://movie.douban.com/subject/1420268/,https://img1.doubanio.com/view/photo/s_ratio_poster/public/p2511334707.jpg
魔怪的燃燒,9.1,音乐,美国,https://movie.douban.com/subject/5337953/,https://img3.doubanio.com/view/photo/s_ratio_poster/public/p746342342.jpg
如此美好的一天(短片),9.1,音乐,美国,https://movie.douban.com/subject/10598713/,https://img3.doubanio.com/view/photo/s_ratio_poster/public/p2395484381.jpg
周六夜现场：贝蒂·怀特/Jay-Z,9.1,音乐,美国,https://movie.douban.com/subject/4706591/,https://img3.doubanio.com/view/photo/s_ratio_poster/public/p2362999490.jpg
好莱坞碗演奏会,9.1,音乐,美国,https://movie.douban.com/subject/2144680/,https://img3.doubanio.com/view/photo/s_ratio_poster/public/p2437612871.jpg
诺拉·琼斯新奥尔良现场,9.2,音乐,美国,https://movie.douban.com/subject/1434430/,https://img3.doubanio.com/view/subject/l/public/s1448370.jpg
On the Run Tour: Beyonce and Jay Z,9.1,音乐,美国,https://movie.douban.com/subject/26004190/,https://img3.doubanio.com/view/photo/s_ratio_poster/public/p2205676670.jpg
披头士: 入侵美利坚,9.1,音乐,美国,https://movie.douban.com/subject/1438688/,https://img3.doubanio.com/view/photo/s_ratio_poster/public/p1149525324.jpg
激流起来：激流金属的故事,9.1,音乐,美国,https://movie.douban.com/subject/3177929/,https://img3.doubanio.com/view/subject/l/public/s3264261.jpg
夏日爵士,9.1,音乐,美国,https://movie.douban.com/subject/1855048/,https://img1.doubanio.com/view/photo/s_ratio_poster/public/p2049666309.jpg
U2: Elevation 2001 Live from Boston (2001) (V),9.1,音乐,美国,https://movie.douban.com/subject/1876687/,https://img3.doubanio.com/view/subject/l/public/s1811634.jpg
北方光芒下,9.1,音乐,美国,https://movie.douban.com/subject/4028789/,https://img3.doubanio.com/view/photo/s_ratio_poster/public/p2527508271.jpg
迈克尔杰克逊：独一无二,9.1,音乐,美国,https://movie.douban.com/subject/5208313/,https://img1.doubanio.com/view/subject/l/public/s4612608.jpg
航班666,9.1,音乐,美国,https://movie.douban.com/subject/3694952/,https://img1.doubanio.com/view/photo/s_ratio_poster/public/p2310992208.jpg
Unplugged: Bob Dylan,9.1,音乐,美国,https://movie.douban.com/subject/1881177/,https://img3.doubanio.com/view/subject/l/public/s1817513.jpg
赶时髦101,9.1,音乐,美国,https://movie.douban.com/subject/1759699/,https://img1.doubanio.com/view/subject/l/public/s1631169.jpg
巨大成功,9.1,音乐,美国,https://movie.douban.com/subject/1860766/,https://img1.doubanio.com/view/subject/l/public/s3337778.jpg
爵士浮生,9.1,音乐,美国,https://movie.douban.com/subject/2362701/,https://img3.doubanio.com/view/photo/s_ratio_poster/public/p456614045.jpg
珍珠果酱二十年,9.1,音乐,美国,https://movie.douban.com/subject/3673932/,https://img3.doubanio.com/view/photo/s_ratio_poster/public/p1226235552.jpg
Fade to Red,9.1,音乐,美国,https://movie.douban.com/subject/1774778/,https://img1.doubanio.com/view/subject/l/public/s1645948.jpg
红辣椒乐队MV精选,9.1,音乐,美国,https://movie.douban.com/subject/3440501/,https://img3.doubanio.com/view/subject/l/public/s3567793.jpg
Nickelback斯特吉斯演唱会,9.1,音乐,美国,https://movie.douban.com/subject/3627268/,https://img1.doubanio.com/view/subject/l/public/s3687997.jpg
金属制品合唱团:法国之夜现场演唱会,9.1,音乐,美国,https://movie.douban.com/subject/6152857/,https://img3.doubanio.com/view/photo/s_ratio_poster/public/p2529197292.jpg
Neil Young: Silver and Gold,9.1,音乐,美国,https://movie.douban.com/subject/1613836/,https://img1.doubanio.com/view/subject/l/public/s1510727.jpg
Born to Be Wild: The Leading Men of American Ballet Theatre,9.1,音乐,美国,https://movie.douban.com/subject/2326293/,https://img3.doubanio.com/view/photo/s_ratio_poster/public/p2176477442.jpg
Red Hot Chili Peppers: off the map,9.1,音乐,美国,https://movie.douban.com/subject/3231777/,https://img3.doubanio.com/view/subject/l/public/s3279032.jpg
寻梦环游记,9.0,音乐,美国,https://movie.douban.com/subject/20495023/,https://img1.doubanio.com/view/photo/s_ratio_poster/public/p2503997609.jpg
约翰·列侬的理想世界,9.0,音乐,美国,https://movie.douban.com/subject/1441479/,https://img1.doubanio.com/view/photo/s_ratio_poster/public/p1848836257.jpg
里奥纳德·科恩：我是你的男人,9.0,音乐,美国,https://movie.douban.com/subject/1752181/,https://img3.doubanio.com/view/photo/s_ratio_poster/public/p2196648416.jpg
另一天，另一时：《醉乡民谣》原声音乐演唱会,9.0,音乐,美国,https://movie.douban.com/subject/25833557/,https://img1.doubanio.com/view/photo/s_ratio_poster/public/p2171391157.jpg
飙,9.0,音乐,美国,https://movie.douban.com/subject/3972514/,https://img1.doubanio.com/view/photo/s_ratio_poster/public/p2323249287.jpg
Taylor Swift: Shake It Off,9.0,音乐,美国,https://movie.douban.com/subject/26780143/,https://img3.doubanio.com/view/photo/s_ratio_poster/public/p2390236503.jpg
让我们一起迷失,9.0,音乐,美国,https://movie.douban.com/subject/1301033/,https://img1.doubanio.com/view/photo/s_ratio_poster/public/p1021784467.jpg
蝙蝠侠同人音乐剧,9.0,音乐,美国,https://movie.douban.com/subject/10604551/,https://img3.doubanio.com/view/photo/s_ratio_poster/public/p1520323343.jpg
直到光芒把我们带走,9.0,音乐,美国,https://movie.douban.com/subject/3309770/,https://img3.doubanio.com/view/photo/s_ratio_poster/public/p1231141313.jpg
周六夜现场：本·阿弗莱克/坎耶·威斯特,9.0,音乐,美国,https://movie.douban.com/subject/24521861/,https://img1.doubanio.com/view/photo/s_ratio_poster/public/p2456874717.jpg
嘻哈风暴,9.0,音乐,美国,https://movie.douban.com/subject/1814148/,https://img1.doubanio.com/view/photo/s_ratio_poster/public/p2501475397.jpg
比才：卡门,9.0,音乐,美国,https://movie.douban.com/subject/20379214/,https://img3.doubanio.com/view/photo/s_ratio_poster/public/p2160380844.jpg
星光大道：10年影音精选,9.0,音乐,美国,https://movie.douban.com/subject/1422174/,https://img1.doubanio.com/view/photo/s_ratio_poster/public/p2510533907.jpg
摇滚乐的历史第六集,9.0,音乐,美国,https://movie.douban.com/subject/1470400/,https://img3.doubanio.com/view/photo/s_ratio_poster/public/p997815223.jpg
The Work of Director Chris Cunningham,9.0,音乐,美国,https://movie.douban.com/subject/1478378/,https://img3.doubanio.com/view/photo/s_ratio_poster/public/p2515063712.jpg
天空依旧,9.0,音乐,美国,https://movie.douban.com/subject/2269979/,https://img3.doubanio.com/view/photo/s_ratio_poster/public/p2525330941.jpg
经典专辑《Nevermind》,9.0,音乐,美国,https://movie.douban.com/subject/2299846/,https://img3.doubanio.com/view/photo/s_ratio_poster/public/p2197132806.jpg
钢琴的艺术,9.0,音乐,美国,https://movie.douban.com/subject/3416676/,https://img1.doubanio.com/view/photo/s_ratio_poster/public/p2510917109.jpg
门：1968年欧洲现场,9.0,音乐,美国,https://movie.douban.com/subject/1470576/,https://img3.doubanio.com/view/subject/l/public/s4025934.jpg
卢·里德：摇滚心灵,9.0,音乐,美国,https://movie.douban.com/subject/1862345/,https://img1.doubanio.com/view/photo/s_ratio_poster/public/p2214083187.jpg
哈利波特同人音乐剧 第二部,9.0,音乐,美国,https://movie.douban.com/subject/6958656/,https://img1.doubanio.com/view/photo/s_ratio_poster/public/p2229750548.jpg
1968欧洲演唱会,9.0,音乐,美国,https://movie.douban.com/subject/2031486/,https://img1.doubanio.com/view/subject/l/public/s2340989.jpg
David Bowie: Serious Moonlight,9.0,音乐,美国,https://movie.douban.com/subject/1840501/,https://img3.doubanio.com/view/photo/s_ratio_poster/public/p1293921402.jpg
Metallica: Cunning Stunts,9.0,音乐,美国,https://movie.douban.com/subject/3114771/,https://img3.doubanio.com/view/subject/l/public/s3143850.jpg
Green Day: International Supervideos,9.0,音乐,美国,https://movie.douban.com/subject/3340072/,https://img3.doubanio.com/view/subject/l/public/s5499466.jpg
瓦格纳《莱茵的黄金》,9.0,音乐,美国,https://movie.douban.com/subject/19972985/,https://img3.doubanio.com/view/photo/s_ratio_poster/public/p2160212201.jpg
摇滚本事,9.4,音乐,台湾,https://movie.douban.com/subject/3737081/,https://img1.doubanio.com/view/photo/s_ratio_poster/public/p2187058068.jpg
莫文蔚: 好莫文蔚巡迴演唱會,9.4,音乐,台湾,https://movie.douban.com/subject/4314336/,https://img3.doubanio.com/view/subject/l/public/s4199506.jpg
时之繁花,9.2,音乐,台湾,https://movie.douban.com/subject/25774028/,https://img3.doubanio.com/view/photo/s_ratio_poster/public/p2216519411.jpg
久石让在武道馆：与宫崎骏动画一同走过的25年,9.7,音乐,日本,https://movie.douban.com/subject/4167113/,https://img1.doubanio.com/view/photo/s_ratio_poster/public/p2163632289.jpg
KinKi Kids 你不在身边的夏天 songs,9.7,音乐,日本,https://movie.douban.com/subject/27605662/,https://img3.doubanio.com/view/photo/s_ratio_poster/public/p2507748550.jpg
平安结祈,9.7,音乐,日本,https://movie.douban.com/subject/10461367/,https://img3.doubanio.com/view/photo/s_ratio_poster/public/p1407592064.jpg
我和我的女孩,9.6,音乐,日本,https://movie.douban.com/subject/11577118/,https://img3.doubanio.com/view/photo/s_ratio_poster/public/p2510934952.jpg
KinKi Kids ～硝子の少年達の「今」～,9.6,音乐,日本,https://movie.douban.com/subject/26920950/,https://img1.doubanio.com/view/photo/s_ratio_poster/public/p2399937958.jpg
秋日长夜的海女演奏会～大友良英和伙伴们的大音乐会,9.5,音乐,日本,https://movie.douban.com/subject/25728737/,https://img3.doubanio.com/view/photo/s_ratio_poster/public/p2165434480.jpg
Yoshiki Symphonic Concert 2002 with Tokyo City Philharmonic Orchestra Featuring Violet UK,9.5,音乐,日本,https://movie.douban.com/subject/1842047/,https://img3.doubanio.com/view/subject/l/public/s1731983.jpg
烈焰焚音,9.4,音乐,日本,https://movie.douban.com/subject/2142180/,https://img3.doubanio.com/view/photo/s_ratio_poster/public/p1178962682.jpg
转世熏风,9.4,音乐,日本,https://movie.douban.com/subject/25745644/,https://img3.doubanio.com/view/photo/s_ratio_poster/public/p2317900073.jpg
生命之歌~战后70年~,9.4,音乐,日本,https://movie.douban.com/subject/26584809/,https://img1.doubanio.com/view/photo/s_ratio_poster/public/p2260517798.jpg
Arch Enemy: Tyrants of the Rising Sun,9.4,音乐,日本,https://movie.douban.com/subject/4170515/,https://img3.doubanio.com/view/subject/l/public/s4078391.jpg
杰尼斯跨年演唱会2015-2016,9.3,音乐,日本,https://movie.douban.com/subject/26700736/,https://img3.doubanio.com/view/photo/s_ratio_poster/public/p2304716481.jpg
CNBLUE 的故事：永不停止,9.2,音乐,日本,https://movie.douban.com/subject/25769877/,https://img1.doubanio.com/view/photo/s_ratio_poster/public/p2158685039.jpg
我们是X,9.1,音乐,日本,https://movie.douban.com/subject/26679190/,https://img1.doubanio.com/view/photo/s_ratio_poster/public/p2310367629.jpg
利兹与青鸟,9.1,音乐,日本,https://movie.douban.com/subject/27062637/,https://img1.doubanio.com/view/photo/s_ratio_poster/public/p2515806508.jpg
8UPPERS FEATURE MUSIC FILM,9.0,音乐,日本,https://movie.douban.com/subject/6839118/,https://img1.doubanio.com/view/photo/s_ratio_poster/public/p1210671627.jpg
音乐带来希望,9.0,音乐,日本,https://movie.douban.com/subject/3636373/,https://img3.doubanio.com/view/subject/l/public/s3696481.jpg
2010 빅뱅 라이브 콘서트 빅쇼 3D,9.3,音乐,韩国,https://movie.douban.com/subject/5948624/,https://img3.doubanio.com/view/photo/s_ratio_poster/public/p2173899161.jpg
CNBLUE 的故事：永不停止,9.2,音乐,韩国,https://movie.douban.com/subject/25769877/,https://img1.doubanio.com/view/photo/s_ratio_poster/public/p2158685039.jpg
GROW：INFINITE的真实青春生活,9.2,音乐,韩国,https://movie.douban.com/subject/26199973/,https://img1.doubanio.com/view/photo/s_ratio_poster/public/p2212174997.jpg
1st G-Dragon Concert : Shine A Light,9.0,音乐,韩国,https://movie.douban.com/subject/4812795/,https://img3.doubanio.com/view/subject/l/public/s4338524.jpg
剧院魅影：25周年纪念演出,9.7,音乐,英国,https://movie.douban.com/subject/24751811/,https://img3.doubanio.com/view/photo/s_ratio_poster/public/p2006533765.jpg
披头士精选辑,9.7,音乐,英国,https://movie.douban.com/subject/1476409/,https://img3.doubanio.com/view/photo/s_ratio_poster/public/p1818011690.jpg
乔治哈里森纪念演唱会,9.7,音乐,英国,https://movie.douban.com/subject/1456839/,https://img3.doubanio.com/view/photo/s_ratio_poster/public/p2514989905.jpg
Coldplay -  Ghost Stories Live 2014,9.7,音乐,英国,https://movie.douban.com/subject/25892102/,https://img1.doubanio.com/view/photo/s_ratio_poster/public/p2294795378.jpg
皇后乐队温布利大球场演唱会,9.7,音乐,英国,https://movie.douban.com/subject/2065368/,https://img3.doubanio.com/view/photo/s_ratio_poster/public/p2510827096.jpg
"Blur: Live at Hyde Park, London - 2nd July",9.7,音乐,英国,https://movie.douban.com/subject/11599732/,https://img3.doubanio.com/view/subject/l/public/s24415384.jpg
Portishead：Roseland NYC Live,9.7,音乐,英国,https://movie.douban.com/subject/1721198/,https://img3.doubanio.com/view/photo/s_ratio_poster/public/p2508853870.jpg
致敬弗莱迪·默克里演唱会,9.7,音乐,英国,https://movie.douban.com/subject/1444604/,https://img3.doubanio.com/view/photo/s_ratio_poster/public/p2193985895.jpg
天使之声：自由童声合唱团,9.7,音乐,英国,https://movie.douban.com/subject/3191241/,https://img1.doubanio.com/view/photo/s_ratio_poster/public/p2515838909.jpg
David Gilmour - Remember That Night,9.7,音乐,英国,https://movie.douban.com/subject/3017057/,https://img1.doubanio.com/view/subject/l/public/s2975609.jpg
Muse - Live At Rome Olympic Stadium,9.7,音乐,英国,https://movie.douban.com/subject/25748651/,https://img1.doubanio.com/view/photo/s_ratio_poster/public/p2154687297.jpg
The Killers: Live from the Royal Albert Hall,9.7,音乐,英国,https://movie.douban.com/subject/5159040/,https://img3.doubanio.com/view/photo/s_ratio_poster/public/p987210172.jpg
无路可逃：一部关于模糊乐队的电影,9.6,音乐,英国,https://movie.douban.com/subject/4234314/,https://img1.doubanio.com/view/photo/s_ratio_poster/public/p2184489189.jpg
阿黛尔伦敦爱尔伯特音乐厅演唱会,9.6,音乐,英国,https://movie.douban.com/subject/7052699/,https://img1.doubanio.com/view/photo/s_ratio_poster/public/p1328675847.jpg
平克·弗洛伊德：“脉动”伦敦现场演唱会,9.6,音乐,英国,https://movie.douban.com/subject/1440919/,https://img1.doubanio.com/view/photo/s_ratio_poster/public/p2330996419.jpg
神秘博士：2008逍遥音乐会,9.6,音乐,英国,https://movie.douban.com/subject/3712009/,https://img3.doubanio.com/view/photo/s_ratio_poster/public/p1349377394.jpg
迷墙：柏林演唱会,9.6,音乐,英国,https://movie.douban.com/subject/1793764/,https://img3.doubanio.com/view/photo/s_ratio_poster/public/p2330995775.jpg
海德公园现场实录,9.6,音乐,英国,https://movie.douban.com/subject/20438740/,https://img3.doubanio.com/view/photo/s_ratio_poster/public/p2531695960.jpg
巨星义助非洲慈善演唱会,9.6,音乐,英国,https://movie.douban.com/subject/1840299/,https://img1.doubanio.com/view/photo/s_ratio_poster/public/p2464949889.jpg
Bon Jovi: Live from London,9.7,音乐,英国,https://movie.douban.com/subject/3591694/,https://img3.doubanio.com/view/subject/l/public/s3653324.jpg
皇后乐队蒙特利尔现场演唱会,9.6,音乐,英国,https://movie.douban.com/subject/4144377/,https://img3.doubanio.com/view/photo/s_ratio_poster/public/p2510823794.jpg
绿洲乐队海洋现场演唱会,9.6,音乐,英国,https://movie.douban.com/subject/3289845/,https://img1.doubanio.com/view/photo/s_ratio_poster/public/p1905803917.jpg
远离家园：二十世纪管弦乐巡礼,9.5,音乐,英国,https://movie.douban.com/subject/1824003/,https://img3.doubanio.com/view/subject/l/public/s2139604.jpg
DAVID GILMOUR IN CONCERT,9.6,音乐,英国,https://movie.douban.com/subject/2995738/,https://img3.doubanio.com/view/subject/l/public/s2932590.jpg
Cubism Pet Shop Boys in Concert,9.6,音乐,英国,https://movie.douban.com/subject/3148740/,https://img1.doubanio.com/view/photo/s_ratio_poster/public/p556640029.jpg
悲惨世界：25周年纪念演唱会,9.5,音乐,英国,https://movie.douban.com/subject/24882562/,https://img3.doubanio.com/view/photo/s_ratio_poster/public/p2093723181.jpg
绿日乐队：圣经上的子弹演唱会,9.5,音乐,英国,https://movie.douban.com/subject/2052209/,https://img3.doubanio.com/view/photo/s_ratio_poster/public/p2510821205.jpg
绿洲乐队1996那里那时演唱会,9.5,音乐,英国,https://movie.douban.com/subject/1394063/,https://img1.doubanio.com/view/subject/l/public/s1398697.jpg
电台司令: 彩虹里,9.5,音乐,英国,https://movie.douban.com/subject/5941448/,https://img1.doubanio.com/view/photo/s_ratio_poster/public/p2363739047.jpg
齐柏林飞艇：庆祝日,9.5,音乐,英国,https://movie.douban.com/subject/19976901/,https://img3.doubanio.com/view/photo/s_ratio_poster/public/p2509913161.jpg
Pink Floyd- Delicate Sound Of Thunder live 1989,9.5,音乐,英国,https://movie.douban.com/subject/3226107/,https://img3.doubanio.com/view/photo/s_ratio_poster/public/p2475777270.jpg
Emperor: Emperial Live Ceremony,9.5,音乐,英国,https://movie.douban.com/subject/2141114/,https://img1.doubanio.com/view/subject/l/public/s2586779.jpg
Oasis: Familiar to Millions,9.5,音乐,英国,https://movie.douban.com/subject/1477110/,https://img3.doubanio.com/view/photo/s_ratio_poster/public/p2525303654.jpg
神秘博士：2013逍遥音乐会,9.5,音乐,英国,https://movie.douban.com/subject/25717159/,https://img3.doubanio.com/view/photo/s_ratio_poster/public/p2118848256.jpg
神秘博士：2006逍遥音乐会,9.5,音乐,英国,https://movie.douban.com/subject/5941689/,https://img3.doubanio.com/view/subject/l/public/s4609003.jpg
AC/DC: Live at Donington,9.5,音乐,英国,https://movie.douban.com/subject/3425812/,https://img3.doubanio.com/view/subject/l/public/s4188583.jpg
班班和莉莉的小王国,9.4,音乐,英国,https://movie.douban.com/subject/5169462/,https://img3.doubanio.com/view/photo/s_ratio_poster/public/p2170078305.jpg
Bob Marley Live At The Rainbow,9.5,音乐,英国,https://movie.douban.com/subject/3228209/,https://img3.doubanio.com/view/photo/s_ratio_poster/public/p2265710506.jpg
Depeche Mode: Touring the Angel - Live in Milan,9.5,音乐,英国,https://movie.douban.com/subject/3406654/,https://img1.doubanio.com/view/photo/s_ratio_poster/public/p2524430188.jpg
Iron Maiden: Rock in Rio,9.5,音乐,英国,https://movie.douban.com/subject/5135507/,https://img3.doubanio.com/view/photo/s_ratio_poster/public/p2310989146.jpg
巴赫－哥德堡变奏曲 / 古尔德录音室演奏版录像,9.7,音乐,法国,https://movie.douban.com/subject/5997861/,https://img1.doubanio.com/view/subject/l/public/s4649789.jpg
索科洛夫：巴黎现场,9.6,音乐,法国,https://movie.douban.com/subject/3316987/,https://img3.doubanio.com/view/subject/l/public/s3910245.jpg
里赫特：谜,9.5,音乐,法国,https://movie.douban.com/subject/1828568/,https://img3.doubanio.com/view/photo/s_ratio_poster/public/p2509527741.jpg
切利比达凯的花园,9.5,音乐,法国,https://movie.douban.com/subject/1896291/,https://img3.doubanio.com/view/photo/s_ratio_poster/public/p912528495.jpg
胡桃夹子,9.4,音乐,法国,https://movie.douban.com/subject/3533599/,https://img3.doubanio.com/view/photo/s_ratio_poster/public/p2257772540.jpg
穿越扬提尔森的音乐秘密,9.4,音乐,法国,https://movie.douban.com/subject/6038293/,https://img3.doubanio.com/view/photo/s_ratio_poster/public/p2398172331.jpg
巴黎圣母院,9.3,音乐,法国,https://movie.douban.com/subject/20326557/,https://img3.doubanio.com/view/photo/s_ratio_poster/public/p2329626263.jpg
平克•弗洛伊德：庞贝古城现场录音纪录片,9.3,音乐,法国,https://movie.douban.com/subject/1434550/,https://img3.doubanio.com/view/photo/s_ratio_poster/public/p2331000940.jpg
放牛班的春天,9.2,音乐,法国,https://movie.douban.com/subject/1291549/,https://img3.doubanio.com/view/photo/s_ratio_poster/public/p1910824951.jpg
芭蕾舞女演员,9.2,音乐,法国,https://movie.douban.com/subject/3146309/,https://img3.doubanio.com/view/photo/s_ratio_poster/public/p2510160156.jpg
Yann Tiersen: On Tour,9.2,音乐,法国,https://movie.douban.com/subject/2377280/,https://img3.doubanio.com/view/subject/l/public/s2846832.jpg
乐士浮生录,9.1,音乐,法国,https://movie.douban.com/subject/1291857/,https://img3.doubanio.com/view/photo/s_ratio_poster/public/p1910914594.jpg
钢琴家,9.0,音乐,法国,https://movie.douban.com/subject/1296736/,https://img3.doubanio.com/view/photo/s_ratio_poster/public/p792484461.jpg
一路平安,9.0,音乐,法国,https://movie.douban.com/subject/1471586/,https://img3.doubanio.com/view/photo/s_ratio_poster/public/p2215638675.jpg
玛塔·阿格里奇：夜话,9.0,音乐,法国,https://movie.douban.com/subject/3360087/,https://img1.doubanio.com/view/photo/s_ratio_poster/public/p2272128139.jpg
Nick Cave and the Bad Seeds: God Is in the House,9.0,音乐,法国,https://movie.douban.com/subject/2032345/,https://img3.doubanio.com/view/subject/l/public/s4024763.jpg
音乐带来希望,9.0,音乐,法国,https://movie.douban.com/subject/3636373/,https://img3.doubanio.com/view/subject/l/public/s3696481.jpg
吉赛尔,9.0,音乐,法国,https://movie.douban.com/subject/2139891/,https://img3.doubanio.com/view/subject/l/public/s3776855.jpg
卡拉扬指挥柏林爱乐乐团：贝多芬第九交响曲“合唱”,9.7,音乐,德国,https://movie.douban.com/subject/6010839/,https://img3.doubanio.com/view/subject/l/public/s4661284.jpg
迷墙：柏林演唱会,9.6,音乐,德国,https://movie.douban.com/subject/1793764/,https://img3.doubanio.com/view/photo/s_ratio_poster/public/p2330995775.jpg
Minimum-Maximum,9.6,音乐,德国,https://movie.douban.com/subject/1947460/,https://img3.doubanio.com/view/photo/s_ratio_poster/public/p1614086180.jpg
德国战车尼姆演唱会,9.6,音乐,德国,https://movie.douban.com/subject/11536456/,https://img1.doubanio.com/view/subject/l/public/s11150878.jpg
德国战车：柏林现场,9.5,音乐,德国,https://movie.douban.com/subject/1866445/,https://img3.doubanio.com/view/photo/s_ratio_poster/public/p2202379900.jpg
Lichtjahre,9.5,音乐,德国,https://movie.douban.com/subject/3035454/,https://img3.doubanio.com/view/subject/l/public/s3018094.jpg
Christina Aguilera: Back to Basics - Live and Down Under,9.4,音乐,德国,https://movie.douban.com/subject/3060405/,https://img3.doubanio.com/view/photo/s_ratio_poster/public/p2498697744.jpg
蝎子与交响乐团演唱会,9.4,音乐,德国,https://movie.douban.com/subject/2127874/,https://img3.doubanio.com/view/subject/l/public/s2549345.jpg
斯汀柏林演唱会,9.4,音乐,德国,https://movie.douban.com/subject/5941471/,https://img1.doubanio.com/view/photo/s_ratio_poster/public/p2187748478.jpg
David Garrett Live in Berlin,9.4,音乐,德国,https://movie.douban.com/subject/10758249/,https://img3.doubanio.com/view/photo/s_ratio_poster/public/p2181599410.jpg
跨过边境的一步,9.3,音乐,德国,https://movie.douban.com/subject/1457567/,https://img3.doubanio.com/view/subject/l/public/s1474642.jpg
音乐启动和解,9.3,音乐,德国,https://movie.douban.com/subject/3025452/,https://img3.doubanio.com/view/subject/l/public/s3696580.jpg
放牛班的春天,9.2,音乐,德国,https://movie.douban.com/subject/1291549/,https://img3.doubanio.com/view/photo/s_ratio_poster/public/p1910824951.jpg
乐士浮生录,9.1,音乐,德国,https://movie.douban.com/subject/1291857/,https://img3.doubanio.com/view/photo/s_ratio_poster/public/p1910914594.jpg
B级片：西柏林的欲望与声音1979-1989,9.1,音乐,德国,https://movie.douban.com/subject/26284536/,https://img1.doubanio.com/view/photo/s_ratio_poster/public/p2232074577.jpg
肉体,9.1,音乐,德国,https://movie.douban.com/subject/3995976/,https://img3.doubanio.com/view/photo/s_ratio_poster/public/p2204532855.jpg
冰上卡门,9.1,音乐,德国,https://movie.douban.com/subject/1998081/,https://img3.doubanio.com/view/subject/l/public/s4044014.jpg
Rammstein: Lichtspielhaus,9.1,音乐,德国,https://movie.douban.com/subject/3266987/,https://img3.doubanio.com/view/subject/l/public/s6329384.jpg
钢琴家,9.0,音乐,德国,https://movie.douban.com/subject/1296736/,https://img3.doubanio.com/view/photo/s_ratio_poster/public/p792484461.jpg
玛塔·阿格里奇：夜话,9.0,音乐,德国,https://movie.douban.com/subject/3360087/,https://img1.doubanio.com/view/photo/s_ratio_poster/public/p2272128139.jpg
音乐带来希望,9.0,音乐,德国,https://movie.douban.com/subject/3636373/,https://img3.doubanio.com/view/subject/l/public/s3696481.jpg
舞动柏林,9.0,音乐,德国,https://movie.douban.com/subject/1459912/,https://img3.doubanio.com/view/photo/s_ratio_poster/public/p2520219433.jpg
随性自然——切利比达克的音乐哲学,9.0,音乐,德国,https://movie.douban.com/subject/3637404/,https://img3.doubanio.com/view/subject/l/public/s3697716.jpg
胡桃夹子,9.0,音乐,德国,https://movie.douban.com/subject/3734931/,https://img3.doubanio.com/view/subject/l/public/s3785395.jpg
安德烈·波切利：托斯卡纳之夜,9.4,音乐,意大利,https://movie.douban.com/subject/1494995/,https://img3.doubanio.com/view/subject/l/public/s1505136.jpg
海上钢琴师,9.2,音乐,意大利,https://movie.douban.com/subject/1292001/,https://img1.doubanio.com/view/photo/s_ratio_poster/public/p511146807.jpg
胡桃夹子,9.4,音乐,俄罗斯,https://movie.douban.com/subject/3533599/,https://img3.doubanio.com/view/photo/s_ratio_poster/public/p2257772540.jpg
天鹅湖,9.4,音乐,俄罗斯,https://movie.douban.com/subject/5962567/,https://img1.doubanio.com/view/photo/s_ratio_poster/public/p2444776729.jpg
魔戒交响诗：一个作曲家在中土世界的音乐旅程,9.6,音乐,加拿大,https://movie.douban.com/subject/1473339/,https://img3.doubanio.com/view/photo/s_ratio_poster/public/p2513591162.jpg
Miroir Noir,9.6,音乐,加拿大,https://movie.douban.com/subject/3691071/,https://img1.doubanio.com/view/photo/s_ratio_poster/public/p593870397.jpg
金属精神,9.1,音乐,加拿大,https://movie.douban.com/subject/3380831/,https://img3.doubanio.com/view/photo/s_ratio_poster/public/p787719330.jpg
太阳剧团：浪迹天涯,9.1,音乐,加拿大,https://movie.douban.com/subject/4919183/,https://img1.doubanio.com/view/subject/l/public/s8916337.jpg
重金属之旅,9.0,音乐,加拿大,https://movie.douban.com/subject/1765272/,https://img3.doubanio.com/view/photo/s_ratio_poster/public/p2027543035.jpg
音乐带来希望,9.0,音乐,加拿大,https://movie.douban.com/subject/3636373/,https://img3.doubanio.com/view/subject/l/public/s3696481.jpg
老鹰乐队2004年墨尔本演唱会,9.6,音乐,澳大利亚,https://movie.douban.com/subject/1875218/,https://img1.doubanio.com/view/photo/s_ratio_poster/public/p2510826237.jpg
奥菲欧与尤丽狄茜,9.1,音乐,澳大利亚,https://movie.douban.com/subject/2999288/,https://img3.doubanio.com/view/photo/s_ratio_poster/public/p2186607455.jpg
Savage Garden - Superstars and Cannonballs: Live and on Tour in Australia,9.1,音乐,澳大利亚,https://movie.douban.com/subject/1875744/,https://img3.doubanio.com/view/subject/l/public/s24589622.jpg
红辣椒乐队：斯连堡现场演唱会,9.7,音乐,爱尔兰,https://movie.douban.com/subject/2244908/,https://img3.doubanio.com/view/subject/l/public/s3128525.jpg
"A New Journey: Live at Slane Castle, Ireland",9.5,音乐,爱尔兰,https://movie.douban.com/subject/3131148/,https://img3.doubanio.com/view/photo/s_ratio_poster/public/p2162518955.jpg
U2 Go Home: Live from Slane Castle,9.4,音乐,爱尔兰,https://movie.douban.com/subject/2065366/,https://img3.doubanio.com/view/photo/s_ratio_poster/public/p2398287126.jpg
Lord of the Dance,9.2,音乐,爱尔兰,https://movie.douban.com/subject/1831930/,https://img3.doubanio.com/view/photo/s_ratio_poster/public/p1446060245.jpg
Arch Enemy: Tyrants of the Rising Sun,9.4,音乐,瑞典,https://movie.douban.com/subject/4170515/,https://img3.doubanio.com/view/subject/l/public/s4078391.jpg
寻找小糖人,9.1,音乐,瑞典,https://movie.douban.com/subject/7015798/,https://img3.doubanio.com/view/photo/s_ratio_poster/public/p1741882642.jpg
音乐带来希望,9.0,音乐,瑞典,https://movie.douban.com/subject/3636373/,https://img3.doubanio.com/view/subject/l/public/s3696481.jpg
蝙蝠侠：黑暗骑士,9.1,惊悚,美国,https://movie.douban.com/subject/1851857/,https://img3.doubanio.com/view/photo/s_ratio_poster/public/p462657443.jpg
搏击俱乐部,9.0,惊悚,美国,https://movie.douban.com/subject/1292000/,https://img1.doubanio.com/view/photo/s_ratio_poster/public/p1910926158.jpg
污秽森林,,惊悚,日本,https://movie.douban.com/subject/27037041/,https://img3.doubanio.com/f/movie/30c6263b6db26d055cbbe73fe653e29014142ea3/pics/movie/movie_default_large.png
空之境界 俯瞰风景3D,9.1,惊悚,日本,https://movie.douban.com/subject/22297118/,https://img1.doubanio.com/view/photo/s_ratio_poster/public/p1970318059.jpg
绅士联盟舞台剧,9.5,惊悚,英国,https://movie.douban.com/subject/20491284/,https://img3.doubanio.com/view/photo/s_ratio_poster/public/p2235065102.jpg
Christina Aguilera: Back to Basics - Live and Down Under,9.4,惊悚,英国,https://movie.douban.com/subject/3060405/,https://img3.doubanio.com/view/photo/s_ratio_poster/public/p2498697744.jpg
蝙蝠侠：黑暗骑士,9.1,惊悚,英国,https://movie.douban.com/subject/1851857/,https://img3.doubanio.com/view/photo/s_ratio_poster/public/p462657443.jpg
黑镜：圣诞特别篇,9.1,惊悚,英国,https://movie.douban.com/subject/25964630/,https://img3.doubanio.com/view/photo/s_ratio_poster/public/p2233676442.jpg
四签名,9.0,惊悚,英国,https://movie.douban.com/subject/3130431/,https://img1.doubanio.com/view/photo/s_ratio_poster/public/p2511444258.jpg
调音师,9.2,惊悚,法国,https://movie.douban.com/subject/6846495/,https://img1.doubanio.com/view/photo/s_ratio_poster/public/p1529066859.jpg
洞,9.2,惊悚,法国,https://movie.douban.com/subject/1424334/,https://img1.doubanio.com/view/photo/s_ratio_poster/public/p2497389079.jpg
Christina Aguilera: Back to Basics - Live and Down Under,9.4,惊悚,德国,https://movie.douban.com/subject/3060405/,https://img3.doubanio.com/view/photo/s_ratio_poster/public/p2498697744.jpg
搏击俱乐部,9.0,惊悚,德国,https://movie.douban.com/subject/1292000/,https://img1.doubanio.com/view/photo/s_ratio_poster/public/p1910926158.jpg
洞,9.2,惊悚,意大利,https://movie.douban.com/subject/1424334/,https://img1.doubanio.com/view/photo/s_ratio_poster/public/p2497389079.jpg
Abhilasha,9.5,惊悚,印度,https://movie.douban.com/subject/3278106/,https://img3.doubanio.com/view/subject/l/public/s3338625.jpg
云南映象,9.4,歌舞,中国大陆,https://movie.douban.com/subject/2282457/,https://img3.doubanio.com/view/photo/s_ratio_poster/public/p2173058485.jpg
齐天乐,9.3,歌舞,中国大陆,https://movie.douban.com/subject/11498192/,https://img3.doubanio.com/view/photo/s_ratio_poster/public/p2515927004.jpg
丝路花雨,9.3,歌舞,中国大陆,https://movie.douban.com/subject/3804492/,https://img1.doubanio.com/view/photo/s_ratio_poster/public/p2266845549.jpg
极限公益联欢会,9.1,歌舞,中国大陆,https://movie.douban.com/subject/26830080/,https://img1.doubanio.com/view/photo/s_ratio_poster/public/p2369019019.jpg
Andrea Bocelli 2007意大利托斯卡纳演唱会,9.5,歌舞,美国,https://movie.douban.com/subject/3034290/,https://img3.doubanio.com/view/photo/s_ratio_poster/public/p2525222133.jpg
哈利同人音乐剧第一部,9.5,歌舞,美国,https://movie.douban.com/subject/20388406/,https://img3.doubanio.com/view/photo/s_ratio_poster/public/p2191854174.jpg
麦当娜2006忏悔之旅演唱会,9.5,歌舞,美国,https://movie.douban.com/subject/1978399/,https://img3.doubanio.com/view/subject/l/public/s2750362.jpg
拜访森林,9.4,歌舞,美国,https://movie.douban.com/subject/25741291/,https://img3.doubanio.com/view/photo/s_ratio_poster/public/p2155898916.jpg
双面碧昂丝2010世界巡回演唱会,9.4,歌舞,美国,https://movie.douban.com/subject/5383275/,https://img1.doubanio.com/view/photo/s_ratio_poster/public/p2258073849.jpg
麦当娜金发雄心演唱会,9.4,歌舞,美国,https://movie.douban.com/subject/3622059/,https://img3.doubanio.com/view/subject/l/public/s3682396.jpg
林肯公园：革命之路,9.3,歌舞,美国,https://movie.douban.com/subject/3249999/,https://img3.doubanio.com/view/photo/s_ratio_poster/public/p2193776724.jpg
Marry the Night,9.3,歌舞,美国,https://movie.douban.com/subject/10562601/,https://img3.doubanio.com/view/photo/s_ratio_poster/public/p1585739970.jpg
The Beatles Yellow Submarine Adventure,9.3,歌舞,美国,https://movie.douban.com/subject/2139531/,https://img3.doubanio.com/view/subject/l/public/s3320164.jpg
吉屋出租：百老汇剧场版,9.1,歌舞,美国,https://movie.douban.com/subject/24857754/,https://img1.doubanio.com/view/photo/s_ratio_poster/public/p2037132488.jpg
破铜烂铁演唱会,9.1,歌舞,美国,https://movie.douban.com/subject/3889838/,https://img1.doubanio.com/view/photo/s_ratio_poster/public/p895994987.jpg
百老汇女红伶,9.1,歌舞,美国,https://movie.douban.com/subject/1297153/,https://img3.doubanio.com/view/subject/l/public/s1662780.jpg
雨中曲,9.0,歌舞,美国,https://movie.douban.com/subject/1293460/,https://img3.doubanio.com/view/photo/s_ratio_poster/public/p1612355875.jpg
另一天，另一时：《醉乡民谣》原声音乐演唱会,9.0,歌舞,美国,https://movie.douban.com/subject/25833557/,https://img1.doubanio.com/view/photo/s_ratio_poster/public/p2171391157.jpg
飙,9.0,歌舞,美国,https://movie.douban.com/subject/3972514/,https://img1.doubanio.com/view/photo/s_ratio_poster/public/p2323249287.jpg
蝙蝠侠同人音乐剧,9.0,歌舞,美国,https://movie.douban.com/subject/10604551/,https://img3.doubanio.com/view/photo/s_ratio_poster/public/p1520323343.jpg
周六夜现场：本·阿弗莱克/坎耶·威斯特,9.0,歌舞,美国,https://movie.douban.com/subject/24521861/,https://img1.doubanio.com/view/photo/s_ratio_poster/public/p2456874717.jpg
第65届托尼奖颁奖典礼,9.0,歌舞,美国,https://movie.douban.com/subject/6524065/,https://img3.doubanio.com/view/photo/s_ratio_poster/public/p1341186053.jpg
电话,9.0,歌舞,美国,https://movie.douban.com/subject/5150232/,https://img1.doubanio.com/view/photo/s_ratio_poster/public/p2014726909.jpg
"小顽童,小捣蛋",9.0,歌舞,美国,https://movie.douban.com/subject/1302676/,https://img3.doubanio.com/view/subject/l/public/s3239194.jpg
哈利波特同人音乐剧 第二部,9.0,歌舞,美国,https://movie.douban.com/subject/6958656/,https://img1.doubanio.com/view/photo/s_ratio_poster/public/p2229750548.jpg
传情达意,9.0,歌舞,美国,https://movie.douban.com/subject/10560035/,https://img3.doubanio.com/view/photo/s_ratio_poster/public/p2182019914.jpg
蝶影红梨记,9.3,歌舞,香港,https://movie.douban.com/subject/4047730/,https://img3.doubanio.com/view/photo/s_ratio_poster/public/p2517260323.jpg
紫钗记,9.2,歌舞,香港,https://movie.douban.com/subject/1401219/,https://img1.doubanio.com/view/photo/s_ratio_poster/public/p2274298717.jpg
莫文蔚: 好莫文蔚巡迴演唱會,9.4,歌舞,台湾,https://movie.douban.com/subject/4314336/,https://img3.doubanio.com/view/subject/l/public/s4199506.jpg
我和我的女孩,9.6,歌舞,日本,https://movie.douban.com/subject/11577118/,https://img3.doubanio.com/view/photo/s_ratio_poster/public/p2510934952.jpg
转世熏风,9.4,歌舞,日本,https://movie.douban.com/subject/25745644/,https://img3.doubanio.com/view/photo/s_ratio_poster/public/p2317900073.jpg
飄,9.4,歌舞,日本,https://movie.douban.com/subject/26555978/,https://img3.doubanio.com/view/photo/s_ratio_poster/public/p2256610543.jpg
杰尼斯跨年演唱会2015-2016,9.3,歌舞,日本,https://movie.douban.com/subject/26700736/,https://img3.doubanio.com/view/photo/s_ratio_poster/public/p2304716481.jpg
剧院魅影：25周年纪念演出,9.7,歌舞,英国,https://movie.douban.com/subject/24751811/,https://img3.doubanio.com/view/photo/s_ratio_poster/public/p2006533765.jpg
Journey of the Childmen: The Mighty Boosh on Tour,9.6,歌舞,英国,https://movie.douban.com/subject/3088560/,https://img3.doubanio.com/view/photo/s_ratio_poster/public/p1774351785.jpg
Pulp - Anthology,9.6,歌舞,英国,https://movie.douban.com/subject/1812288/,https://img3.doubanio.com/view/subject/l/public/s1681001.jpg
剧匠魅影,9.4,歌舞,英国,https://movie.douban.com/subject/1305054/,https://img1.doubanio.com/view/photo/s_ratio_poster/public/p2503649749.jpg
麦克.布雷见面会,9.4,歌舞,英国,https://movie.douban.com/subject/6284724/,https://img3.doubanio.com/view/photo/s_ratio_poster/public/p977345202.jpg
Christina Aguilera: Back to Basics - Live and Down Under,9.4,歌舞,英国,https://movie.douban.com/subject/3060405/,https://img3.doubanio.com/view/photo/s_ratio_poster/public/p2498697744.jpg
纪录片《伯恩斯坦指挥录制西城故事》,9.3,歌舞,英国,https://movie.douban.com/subject/1871598/,https://img3.doubanio.com/view/subject/l/public/s1806193.jpg
怪鱼,9.2,歌舞,英国,https://movie.douban.com/subject/4015862/,https://img3.doubanio.com/view/subject/l/public/s3963974.jpg
歌厅,9.1,歌舞,英国,https://movie.douban.com/subject/4047130/,https://img3.doubanio.com/view/subject/l/public/s8807056.jpg
BBC喜剧音乐晚会,9.1,歌舞,英国,https://movie.douban.com/subject/10590735/,https://img3.doubanio.com/view/photo/s_ratio_poster/public/p2505928863.jpg
舞台春秋：悲惨世界制作历史,9.1,歌舞,英国,https://movie.douban.com/subject/20498240/,https://img3.doubanio.com/view/photo/s_ratio_poster/public/p1922520014.jpg
歌唱神探,9.1,歌舞,英国,https://movie.douban.com/subject/1499667/,https://img3.doubanio.com/view/subject/l/public/s4178164.jpg
摇滚莫扎特,9.4,歌舞,法国,https://movie.douban.com/subject/25754522/,https://img3.doubanio.com/view/photo/s_ratio_poster/public/p2312766343.jpg
罗密欧与朱丽叶,9.4,歌舞,法国,https://movie.douban.com/subject/25928148/,https://img3.doubanio.com/view/photo/s_ratio_poster/public/p2224933614.jpg
响舞,9.0,歌舞,法国,https://movie.douban.com/subject/1466198/,https://img1.doubanio.com/view/photo/s_ratio_poster/public/p551031558.jpg
Christina Aguilera: Back to Basics - Live and Down Under,9.4,歌舞,德国,https://movie.douban.com/subject/3060405/,https://img3.doubanio.com/view/photo/s_ratio_poster/public/p2498697744.jpg
The Beatles Yellow Submarine Adventure,9.3,歌舞,德国,https://movie.douban.com/subject/2139531/,https://img3.doubanio.com/view/subject/l/public/s3320164.jpg
响舞,9.0,歌舞,西班牙,https://movie.douban.com/subject/1466198/,https://img1.doubanio.com/view/photo/s_ratio_poster/public/p551031558.jpg
三傻大闹宝莱坞,9.2,歌舞,印度,https://movie.douban.com/subject/3793023/,https://img3.doubanio.com/view/photo/s_ratio_poster/public/p579729551.jpg
堂吉诃德,9.3,歌舞,俄罗斯,https://movie.douban.com/subject/3838100/,https://img3.doubanio.com/view/subject/l/public/s3874775.jpg
小红莓卡百利伦敦演唱会,9.5,歌舞,爱尔兰,https://movie.douban.com/subject/3027057/,https://img3.doubanio.com/view/photo/s_ratio_poster/public/p2340605176.jpg
大河之舞1995,9.4,歌舞,爱尔兰,https://movie.douban.com/subject/1835118/,https://img1.doubanio.com/view/photo/s_ratio_poster/public/p1932522618.jpg
